"Date","HomeTeam","AwayTeam","FTHG","FTAG","FTR"
18-08-17,"Leganes","Alaves",1,0,"H"
18-08-17,"Valencia","Las Palmas",1,0,"H"
19-08-17,"Celta","Sociedad",2,3,"A"
19-08-17,"Girona","Ath Madrid",2,2,"D"
19-08-17,"Sevilla","Espanol",1,1,"D"
20-08-17,"Ath Bilbao","Getafe",0,0,"D"
20-08-17,"Barcelona","Betis",2,0,"H"
20-08-17,"La Coruna","Real Madrid",0,3,"A"
21-08-17,"Levante","Villarreal",1,0,"H"
21-08-17,"Malaga","Eibar",0,1,"A"
25-08-17,"Betis","Celta",2,1,"H"
25-08-17,"Sociedad","Villarreal",3,0,"H"
26-08-17,"Alaves","Barcelona",0,2,"A"
26-08-17,"Girona","Malaga",1,0,"H"
26-08-17,"Las Palmas","Ath Madrid",1,5,"A"
26-08-17,"Levante","La Coruna",2,2,"D"
27-08-17,"Eibar","Ath Bilbao",0,1,"A"
27-08-17,"Espanol","Leganes",0,1,"A"
27-08-17,"Getafe","Sevilla",0,1,"A"
27-08-17,"Real Madrid","Valencia",2,2,"D"
8-09-17,"Leganes","Getafe",1,2,"A"
9-09-17,"Barcelona","Espanol",5,0,"H"
9-09-17,"Real Madrid","Levante",1,1,"D"
9-09-17,"Sevilla","Eibar",3,0,"H"
9-09-17,"Valencia","Ath Madrid",0,0,"D"
10-09-17,"Ath Bilbao","Girona",2,0,"H"
10-09-17,"Celta","Alaves",1,0,"H"
10-09-17,"La Coruna","Sociedad",2,4,"A"
10-09-17,"Villarreal","Betis",3,1,"H"
11-09-17,"Malaga","Las Palmas",1,3,"A"
15-09-17,"Eibar","Leganes",1,0,"H"
16-09-17,"Ath Madrid","Malaga",1,0,"H"
16-09-17,"Betis","La Coruna",2,1,"H"
16-09-17,"Getafe","Barcelona",1,2,"A"
16-09-17,"Levante","Valencia",1,1,"D"
17-09-17,"Alaves","Villarreal",0,3,"A"
17-09-17,"Girona","Sevilla",0,1,"A"
17-09-17,"Las Palmas","Ath Bilbao",1,0,"H"
17-09-17,"Sociedad","Real Madrid",1,3,"A"
18-09-17,"Espanol","Celta",2,1,"H"
19-09-17,"Barcelona","Eibar",6,1,"H"
19-09-17,"Valencia","Malaga",5,0,"H"
20-09-17,"Ath Bilbao","Ath Madrid",1,2,"A"
20-09-17,"La Coruna","Alaves",1,0,"H"
20-09-17,"Leganes","Girona",0,0,"D"
20-09-17,"Real Madrid","Betis",0,1,"A"
20-09-17,"Sevilla","Las Palmas",1,0,"H"
21-09-17,"Celta","Getafe",1,1,"D"
21-09-17,"Levante","Sociedad",3,0,"H"
21-09-17,"Villarreal","Espanol",0,0,"D"
23-09-17,"Alaves","Real Madrid",1,2,"A"
23-09-17,"Ath Madrid","Sevilla",2,0,"H"
23-09-17,"Girona","Barcelona",0,3,"A"
23-09-17,"Malaga","Ath Bilbao",3,3,"D"
24-09-17,"Eibar","Celta",0,4,"A"
24-09-17,"Espanol","La Coruna",4,1,"H"
24-09-17,"Getafe","Villarreal",4,0,"H"
24-09-17,"Las Palmas","Leganes",0,2,"A"
24-09-17,"Sociedad","Valencia",2,3,"A"
25-09-17,"Betis","Levante",4,0,"H"
29-09-17,"Celta","Girona",3,3,"D"
30-09-17,"La Coruna","Getafe",2,1,"H"
30-09-17,"Leganes","Ath Madrid",0,0,"D"
30-09-17,"Levante","Alaves",0,2,"A"
30-09-17,"Sevilla","Malaga",2,0,"H"
1-10-17,"Barcelona","Las Palmas",3,0,"H"
1-10-17,"Real Madrid","Espanol",2,0,"H"
1-10-17,"Sociedad","Betis",4,4,"D"
1-10-17,"Valencia","Ath Bilbao",3,2,"H"
1-10-17,"Villarreal","Eibar",3,0,"H"
13-10-17,"Espanol","Levante",0,0,"D"
14-10-17,"Alaves","Sociedad",0,2,"A"
14-10-17,"Ath Bilbao","Sevilla",1,0,"H"
14-10-17,"Ath Madrid","Barcelona",1,1,"D"
14-10-17,"Getafe","Real Madrid",1,2,"A"
15-10-17,"Betis","Valencia",3,6,"A"
15-10-17,"Eibar","La Coruna",0,0,"D"
15-10-17,"Girona","Villarreal",1,2,"A"
15-10-17,"Malaga","Leganes",0,2,"A"
16-10-17,"Las Palmas","Celta",2,5,"A"
21-10-17,"Barcelona","Malaga",2,0,"H"
21-10-17,"Betis","Alaves",2,0,"H"
21-10-17,"Levante","Getafe",1,1,"D"
21-10-17,"Valencia","Sevilla",4,0,"H"
22-10-17,"Celta","Ath Madrid",0,1,"A"
22-10-17,"Leganes","Ath Bilbao",1,0,"H"
22-10-17,"Real Madrid","Eibar",3,0,"H"
22-10-17,"Villarreal","Las Palmas",4,0,"H"
23-10-17,"La Coruna","Girona",1,2,"A"
23-10-17,"Sociedad","Espanol",1,1,"D"
28-10-17,"Alaves","Valencia",1,2,"A"
28-10-17,"Ath Bilbao","Barcelona",0,2,"A"
28-10-17,"Ath Madrid","Villarreal",1,1,"D"
28-10-17,"Sevilla","Leganes",2,1,"H"
29-10-17,"Eibar","Levante",2,2,"D"
29-10-17,"Getafe","Sociedad",2,1,"H"
29-10-17,"Girona","Real Madrid",2,1,"H"
29-10-17,"Malaga","Celta",2,1,"H"
30-10-17,"Espanol","Betis",1,0,"H"
30-10-17,"Las Palmas","La Coruna",1,3,"A"
3-11-17,"Betis","Getafe",2,2,"D"
4-11-17,"Alaves","Espanol",1,0,"H"
4-11-17,"Barcelona","Sevilla",2,1,"H"
4-11-17,"La Coruna","Ath Madrid",0,1,"A"
4-11-17,"Valencia","Leganes",3,0,"H"
5-11-17,"Celta","Ath Bilbao",3,1,"H"
5-11-17,"Levante","Girona",1,2,"A"
5-11-17,"Real Madrid","Las Palmas",3,0,"H"
5-11-17,"Sociedad","Eibar",3,1,"H"
5-11-17,"Villarreal","Malaga",2,0,"H"
17-11-17,"Girona","Sociedad",1,1,"D"
18-11-17,"Ath Madrid","Real Madrid",0,0,"D"
18-11-17,"Getafe","Alaves",4,1,"H"
18-11-17,"Leganes","Barcelona",0,3,"A"
18-11-17,"Sevilla","Celta",2,1,"H"
19-11-17,"Ath Bilbao","Villarreal",1,1,"D"
19-11-17,"Espanol","Valencia",0,2,"A"
19-11-17,"Las Palmas","Levante",0,2,"A"
19-11-17,"Malaga","La Coruna",3,2,"H"
20-11-17,"Eibar","Betis",5,0,"H"
24-11-17,"Celta","Leganes",1,0,"H"
25-11-17,"Alaves","Eibar",1,2,"A"
25-11-17,"Betis","Girona",2,2,"D"
25-11-17,"Levante","Ath Madrid",0,5,"A"
25-11-17,"Real Madrid","Malaga",3,2,"H"
26-11-17,"La Coruna","Ath Bilbao",2,2,"D"
26-11-17,"Sociedad","Las Palmas",2,2,"D"
26-11-17,"Valencia","Barcelona",1,1,"D"
26-11-17,"Villarreal","Sevilla",2,3,"A"
27-11-17,"Espanol","Getafe",1,0,"H"
1-12-17,"Malaga","Levante",0,0,"D"
2-12-17,"Ath Bilbao","Real Madrid",0,0,"D"
2-12-17,"Ath Madrid","Sociedad",2,1,"H"
2-12-17,"Barcelona","Celta",2,2,"D"
2-12-17,"Sevilla","La Coruna",2,0,"H"
3-12-17,"Eibar","Espanol",3,1,"H"
3-12-17,"Getafe","Valencia",1,0,"H"
3-12-17,"Las Palmas","Betis",1,0,"H"
3-12-17,"Leganes","Villarreal",3,1,"H"
4-12-17,"Girona","Alaves",2,3,"A"
8-12-17,"Alaves","Las Palmas",2,0,"H"
9-12-17,"Getafe","Eibar",0,0,"D"
9-12-17,"La Coruna","Leganes",1,0,"H"
9-12-17,"Real Madrid","Sevilla",5,0,"H"
9-12-17,"Valencia","Celta",2,1,"H"
10-12-17,"Betis","Ath Madrid",0,1,"A"
10-12-17,"Levante","Ath Bilbao",1,2,"A"
10-12-17,"Sociedad","Malaga",0,2,"A"
10-12-17,"Villarreal","Barcelona",0,2,"A"
11-12-17,"Espanol","Girona",0,1,"A"
15-12-17,"Sevilla","Levante",0,0,"D"
16-12-17,"Ath Bilbao","Sociedad",0,0,"D"
16-12-17,"Ath Madrid","Alaves",1,0,"H"
16-12-17,"Eibar","Valencia",2,1,"H"
17-12-17,"Barcelona","La Coruna",4,0,"H"
17-12-17,"Celta","Villarreal",0,1,"A"
17-12-17,"Girona","Getafe",1,0,"H"
17-12-17,"Las Palmas","Espanol",2,2,"D"
18-12-17,"Malaga","Betis",0,2,"A"
19-12-17,"Levante","Leganes",0,0,"D"
20-12-17,"Getafe","Las Palmas",2,0,"H"
20-12-17,"Sociedad","Sevilla",3,1,"H"
21-12-17,"Alaves","Malaga",1,0,"H"
21-12-17,"Eibar","Girona",4,1,"H"
22-12-17,"Betis","Ath Bilbao",0,2,"A"
22-12-17,"Espanol","Ath Madrid",1,0,"H"
23-12-17,"La Coruna","Celta",1,3,"A"
23-12-17,"Real Madrid","Barcelona",0,3,"A"
23-12-17,"Valencia","Villarreal",0,1,"A"
6-01-18,"Ath Madrid","Getafe",2,0,"H"
6-01-18,"Las Palmas","Eibar",1,2,"A"
6-01-18,"Sevilla","Betis",3,5,"A"
6-01-18,"Valencia","Girona",2,1,"H"
7-01-18,"Ath Bilbao","Alaves",2,0,"H"
7-01-18,"Barcelona","Levante",3,0,"H"
7-01-18,"Celta","Real Madrid",2,2,"D"
7-01-18,"Leganes","Sociedad",1,0,"H"
7-01-18,"Villarreal","La Coruna",1,1,"D"
8-01-18,"Malaga","Espanol",0,1,"A"
12-01-18,"Getafe","Malaga",1,0,"H"
13-01-18,"Eibar","Ath Madrid",0,1,"A"
13-01-18,"Girona","Las Palmas",6,0,"H"
13-01-18,"La Coruna","Valencia",1,2,"A"
13-01-18,"Real Madrid","Villarreal",0,1,"A"
14-01-18,"Alaves","Sevilla",1,0,"H"
14-01-18,"Espanol","Ath Bilbao",1,1,"D"
14-01-18,"Levante","Celta",0,1,"A"
14-01-18,"Sociedad","Barcelona",2,4,"A"
15-01-18,"Betis","Leganes",3,2,"H"
19-01-18,"Getafe","Ath Bilbao",2,2,"D"
20-01-18,"Ath Madrid","Girona",1,1,"D"
20-01-18,"Espanol","Sevilla",0,3,"A"
20-01-18,"Las Palmas","Valencia",2,1,"H"
20-01-18,"Villarreal","Levante",2,1,"H"
21-01-18,"Alaves","Leganes",2,2,"D"
21-01-18,"Betis","Barcelona",0,5,"A"
21-01-18,"Real Madrid","La Coruna",7,1,"H"
21-01-18,"Sociedad","Celta",1,2,"A"
22-01-18,"Eibar","Malaga",1,1,"D"
26-01-18,"Ath Bilbao","Eibar",1,1,"D"
27-01-18,"La Coruna","Levante",2,2,"D"
27-01-18,"Malaga","Girona",0,0,"D"
27-01-18,"Valencia","Real Madrid",1,4,"A"
27-01-18,"Villarreal","Sociedad",4,2,"H"
28-01-18,"Ath Madrid","Las Palmas",3,0,"H"
28-01-18,"Barcelona","Alaves",2,1,"H"
28-01-18,"Leganes","Espanol",3,2,"H"
28-01-18,"Sevilla","Getafe",1,1,"D"
29-01-18,"Celta","Betis",3,2,"H"
2-02-18,"Sociedad","La Coruna",5,0,"H"
3-02-18,"Alaves","Celta",2,1,"H"
3-02-18,"Betis","Villarreal",2,1,"H"
3-02-18,"Eibar","Sevilla",5,1,"H"
3-02-18,"Levante","Real Madrid",2,2,"D"
4-02-18,"Ath Madrid","Valencia",1,0,"H"
4-02-18,"Espanol","Barcelona",1,1,"D"
4-02-18,"Getafe","Leganes",0,0,"D"
4-02-18,"Girona","Ath Bilbao",2,0,"H"
5-02-18,"Las Palmas","Malaga",1,0,"H"
9-02-18,"Ath Bilbao","Las Palmas",0,0,"D"
10-02-18,"Leganes","Eibar",0,1,"A"
10-02-18,"Malaga","Ath Madrid",0,1,"A"
10-02-18,"Real Madrid","Sociedad",5,2,"H"
10-02-18,"Villarreal","Alaves",1,2,"A"
11-02-18,"Barcelona","Getafe",0,0,"D"
11-02-18,"Celta","Espanol",2,2,"D"
11-02-18,"Sevilla","Girona",1,0,"H"
11-02-18,"Valencia","Levante",3,1,"H"
12-02-18,"La Coruna","Betis",0,1,"A"
16-02-18,"Girona","Leganes",3,0,"H"
17-02-18,"Alaves","La Coruna",1,0,"H"
17-02-18,"Eibar","Barcelona",0,2,"A"
17-02-18,"Las Palmas","Sevilla",1,2,"A"
17-02-18,"Malaga","Valencia",1,2,"A"
18-02-18,"Ath Madrid","Ath Bilbao",2,0,"H"
18-02-18,"Betis","Real Madrid",3,5,"A"
18-02-18,"Espanol","Villarreal",1,1,"D"
18-02-18,"Sociedad","Levante",3,0,"H"
19-02-18,"Getafe","Celta",3,0,"H"
21-02-18,"Leganes","Real Madrid",1,3,"A"
23-02-18,"La Coruna","Espanol",0,0,"D"
24-02-18,"Barcelona","Girona",6,1,"H"
24-02-18,"Celta","Eibar",2,0,"H"
24-02-18,"Leganes","Las Palmas",0,0,"D"
24-02-18,"Real Madrid","Alaves",4,0,"H"
25-02-18,"Ath Bilbao","Malaga",2,1,"H"
25-02-18,"Sevilla","Ath Madrid",2,5,"A"
25-02-18,"Valencia","Sociedad",2,1,"H"
25-02-18,"Villarreal","Getafe",1,0,"H"
26-02-18,"Levante","Betis",0,2,"A"
27-02-18,"Espanol","Real Madrid",1,0,"H"
27-02-18,"Girona","Celta",1,0,"H"
28-02-18,"Ath Bilbao","Valencia",1,1,"D"
28-02-18,"Ath Madrid","Leganes",4,0,"H"
28-02-18,"Eibar","Villarreal",1,0,"H"
28-02-18,"Getafe","La Coruna",3,0,"H"
28-02-18,"Malaga","Sevilla",0,1,"A"
1-03-18,"Alaves","Levante",1,0,"H"
1-03-18,"Betis","Sociedad",0,0,"D"
1-03-18,"Las Palmas","Barcelona",1,1,"D"
3-03-18,"La Coruna","Eibar",1,1,"D"
3-03-18,"Leganes","Malaga",2,0,"H"
3-03-18,"Real Madrid","Getafe",3,1,"H"
3-03-18,"Sevilla","Ath Bilbao",2,0,"H"
3-03-18,"Villarreal","Girona",0,2,"A"
4-03-18,"Barcelona","Ath Madrid",1,0,"H"
4-03-18,"Levante","Espanol",1,1,"D"
4-03-18,"Sociedad","Alaves",2,1,"H"
4-03-18,"Valencia","Betis",2,0,"H"
5-03-18,"Celta","Las Palmas",2,1,"H"
9-03-18,"Girona","La Coruna",2,0,"H"
10-03-18,"Eibar","Real Madrid",1,2,"A"
10-03-18,"Getafe","Levante",0,1,"A"
10-03-18,"Malaga","Barcelona",0,2,"A"
10-03-18,"Sevilla","Valencia",0,2,"A"
11-03-18,"Ath Bilbao","Leganes",2,0,"H"
11-03-18,"Ath Madrid","Celta",3,0,"H"
11-03-18,"Espanol","Sociedad",2,1,"H"
11-03-18,"Las Palmas","Villarreal",0,2,"A"
12-03-18,"Alaves","Betis",1,3,"A"
16-03-18,"Levante","Eibar",2,1,"H"
17-03-18,"Betis","Espanol",3,0,"H"
17-03-18,"La Coruna","Las Palmas",1,1,"D"
17-03-18,"Sociedad","Getafe",1,2,"A"
17-03-18,"Valencia","Alaves",3,1,"H"
18-03-18,"Barcelona","Ath Bilbao",2,0,"H"
18-03-18,"Celta","Malaga",0,0,"D"
18-03-18,"Leganes","Sevilla",2,1,"H"
18-03-18,"Real Madrid","Girona",6,3,"H"
18-03-18,"Villarreal","Ath Madrid",2,1,"H"
31-03-18,"Ath Bilbao","Celta",1,1,"D"
31-03-18,"Girona","Levante",1,1,"D"
31-03-18,"Las Palmas","Real Madrid",0,3,"A"
31-03-18,"Sevilla","Barcelona",2,2,"D"
1-04-18,"Ath Madrid","La Coruna",1,0,"H"
1-04-18,"Eibar","Sociedad",0,0,"D"
1-04-18,"Espanol","Alaves",0,0,"D"
1-04-18,"Leganes","Valencia",0,1,"A"
1-04-18,"Malaga","Villarreal",1,0,"H"
2-04-18,"Getafe","Betis",0,1,"A"
6-04-18,"La Coruna","Malaga",3,2,"H"
7-04-18,"Alaves","Getafe",2,0,"H"
7-04-18,"Barcelona","Leganes",3,1,"H"
7-04-18,"Betis","Eibar",2,0,"H"
7-04-18,"Celta","Sevilla",4,0,"H"
8-04-18,"Levante","Las Palmas",2,1,"H"
8-04-18,"Real Madrid","Ath Madrid",1,1,"D"
8-04-18,"Sociedad","Girona",5,0,"H"
8-04-18,"Valencia","Espanol",1,0,"H"
9-04-18,"Villarreal","Ath Bilbao",1,3,"A"
13-04-18,"Girona","Betis",0,1,"A"
14-04-18,"Ath Bilbao","La Coruna",2,3,"A"
14-04-18,"Barcelona","Valencia",2,1,"H"
14-04-18,"Las Palmas","Sociedad",0,1,"A"
14-04-18,"Leganes","Celta",1,0,"H"
14-04-18,"Sevilla","Villarreal",2,2,"D"
15-04-18,"Ath Madrid","Levante",3,0,"H"
15-04-18,"Eibar","Alaves",0,1,"A"
15-04-18,"Getafe","Espanol",1,0,"H"
15-04-18,"Malaga","Real Madrid",1,2,"A"
17-04-18,"Celta","Barcelona",2,2,"D"
17-04-18,"La Coruna","Sevilla",0,0,"D"
17-04-18,"Villarreal","Leganes",2,1,"H"
18-04-18,"Espanol","Eibar",0,1,"A"
18-04-18,"Real Madrid","Ath Bilbao",1,1,"D"
18-04-18,"Valencia","Getafe",1,2,"A"
19-04-18,"Alaves","Girona",1,2,"A"
19-04-18,"Betis","Las Palmas",1,0,"H"
19-04-18,"Levante","Malaga",1,0,"H"
19-04-18,"Sociedad","Ath Madrid",3,0,"H"
20-04-18,"Leganes","La Coruna",0,0,"D"
21-04-18,"Celta","Valencia",1,1,"D"
21-04-18,"Eibar","Getafe",0,1,"A"
22-04-18,"Ath Madrid","Betis",0,0,"D"
22-04-18,"Girona","Espanol",0,2,"A"
22-04-18,"Las Palmas","Alaves",0,4,"A"
22-04-18,"Malaga","Sociedad",2,0,"H"
23-04-18,"Ath Bilbao","Levante",1,3,"A"
27-04-18,"Levante","Sevilla",2,1,"H"
28-04-18,"Espanol","Las Palmas",1,1,"D"
28-04-18,"Real Madrid","Leganes",2,1,"H"
28-04-18,"Sociedad","Ath Bilbao",3,1,"H"
28-04-18,"Villarreal","Celta",4,1,"H"
29-04-18,"Alaves","Ath Madrid",0,1,"A"
29-04-18,"Getafe","Girona",1,1,"D"
29-04-18,"La Coruna","Barcelona",2,4,"A"
29-04-18,"Valencia","Eibar",0,0,"D"
30-04-18,"Betis","Malaga",2,1,"H"
4-05-18,"Sevilla","Sociedad",1,0,"H"
5-05-18,"Ath Bilbao","Betis",2,0,"H"
5-05-18,"Celta","La Coruna",1,1,"D"
5-05-18,"Girona","Eibar",1,4,"A"
5-05-18,"Villarreal","Valencia",1,0,"H"
6-05-18,"Ath Madrid","Espanol",0,2,"A"
6-05-18,"Barcelona","Real Madrid",2,2,"D"
6-05-18,"Las Palmas","Getafe",0,1,"A"
6-05-18,"Malaga","Alaves",0,3,"A"
7-05-18,"Leganes","Levante",0,3,"A"
9-05-18,"Barcelona","Villarreal",5,1,"H"
9-05-18,"Sevilla","Real Madrid",3,2,"H"
12-05-18,"Alaves","Ath Bilbao",3,1,"H"
12-05-18,"Betis","Sevilla",2,2,"D"
12-05-18,"Eibar","Las Palmas",1,0,"H"
12-05-18,"Getafe","Ath Madrid",0,1,"A"
12-05-18,"Girona","Valencia",0,1,"A"
12-05-18,"La Coruna","Villarreal",2,4,"A"
12-05-18,"Real Madrid","Celta",6,0,"H"
12-05-18,"Sociedad","Leganes",3,2,"H"
13-05-18,"Espanol","Malaga",4,1,"H"
13-05-18,"Levante","Barcelona",5,4,"H"
19-05-18,"Celta","Levante",4,2,"H"
19-05-18,"Las Palmas","Girona",1,2,"A"
19-05-18,"Leganes","Betis",3,2,"H"
19-05-18,"Malaga","Getafe",0,1,"A"
19-05-18,"Sevilla","Alaves",1,0,"H"
19-05-18,"Villarreal","Real Madrid",2,2,"D"
20-05-18,"Ath Bilbao","Espanol",0,1,"A"
20-05-18,"Ath Madrid","Eibar",2,2,"D"
20-05-18,"Barcelona","Sociedad",1,0,"H"
20-05-18,"Valencia","La Coruna",2,1,"H"
17-08-20,"Betis","Levante",0,3,"A"
17-08-20,"Girona","Valladolid",0,0,"D"
18-08-20,"Barcelona","Alaves",3,0,"H"
18-08-20,"Celta","Espanol",1,1,"D"
18-08-20,"Villarreal","Sociedad",1,2,"A"
19-08-20,"Eibar","Huesca",1,2,"A"
19-08-20,"Real Madrid","Getafe",2,0,"H"
19-08-20,"Vallecano","Sevilla",1,4,"A"
20-08-20,"Ath Bilbao","Leganes",2,1,"H"
20-08-20,"Valencia","Ath Madrid",1,1,"D"
24-08-20,"Getafe","Eibar",2,0,"H"
24-08-20,"Leganes","Sociedad",2,2,"D"
25-08-20,"Alaves","Betis",0,0,"D"
25-08-20,"Ath Madrid","Vallecano",1,0,"H"
25-08-20,"Valladolid","Barcelona",0,1,"A"
26-08-20,"Espanol","Valencia",2,0,"H"
26-08-20,"Girona","Real Madrid",1,4,"A"
26-08-20,"Sevilla","Villarreal",0,0,"D"
27-08-20,"Ath Bilbao","Huesca",2,2,"D"
27-08-20,"Levante","Celta",1,2,"A"
31-08-20,"Eibar","Sociedad",2,1,"H"
31-08-20,"Getafe","Valladolid",0,0,"D"
31-08-20,"Villarreal","Girona",0,1,"A"
1-09-20,"Celta","Ath Madrid",2,0,"H"
1-09-20,"Real Madrid","Leganes",4,1,"H"
2-09-20,"Alaves","Espanol",2,1,"H"
2-09-20,"Barcelona","Huesca",8,2,"H"
2-09-20,"Betis","Sevilla",1,0,"H"
2-09-20,"Levante","Valencia",2,2,"D"
14-09-20,"Huesca","Vallecano",0,1,"A"
15-09-20,"Ath Bilbao","Real Madrid",1,1,"D"
15-09-20,"Ath Madrid","Eibar",1,1,"D"
15-09-20,"Sociedad","Barcelona",1,2,"A"
15-09-20,"Valencia","Betis",0,0,"D"
16-09-20,"Espanol","Levante",1,0,"H"
16-09-20,"Leganes","Villarreal",0,1,"A"
16-09-20,"Sevilla","Getafe",0,2,"A"
16-09-20,"Valladolid","Alaves",0,1,"A"
17-09-20,"Girona","Celta",3,2,"H"
21-09-20,"Huesca","Sociedad",0,1,"A"
22-09-20,"Celta","Valladolid",3,3,"D"
22-09-20,"Eibar","Leganes",1,0,"H"
22-09-20,"Getafe","Ath Madrid",0,2,"A"
22-09-20,"Real Madrid","Espanol",1,0,"H"
22-09-20,"Vallecano","Alaves",1,5,"A"
23-09-20,"Barcelona","Girona",2,2,"D"
23-09-20,"Betis","Ath Bilbao",2,2,"D"
23-09-20,"Levante","Sevilla",2,6,"A"
23-09-20,"Villarreal","Valencia",0,0,"D"
25-09-20,"Ath Madrid","Huesca",3,0,"H"
25-09-20,"Espanol","Eibar",1,0,"H"
25-09-20,"Sociedad","Vallecano",2,2,"D"
26-09-20,"Ath Bilbao","Villarreal",0,3,"A"
26-09-20,"Leganes","Barcelona",2,1,"H"
26-09-20,"Sevilla","Real Madrid",3,0,"H"
26-09-20,"Valencia","Celta",1,1,"D"
27-09-20,"Alaves","Getafe",1,1,"D"
27-09-20,"Girona","Betis",0,1,"A"
27-09-20,"Valladolid","Levante",2,1,"H"
28-09-20,"Vallecano","Espanol",2,2,"D"
29-09-20,"Barcelona","Ath Bilbao",1,1,"D"
29-09-20,"Eibar","Sevilla",1,3,"A"
29-09-20,"Real Madrid","Ath Madrid",0,0,"D"
29-09-20,"Sociedad","Valencia",0,1,"A"
30-09-20,"Betis","Leganes",1,0,"H"
30-09-20,"Huesca","Girona",1,1,"D"
30-09-20,"Levante","Alaves",2,1,"H"
30-09-20,"Villarreal","Valladolid",0,1,"A"
1-10-20,"Celta","Getafe",1,1,"D"
5-10-20,"Ath Bilbao","Sociedad",1,3,"A"
6-10-20,"Alaves","Real Madrid",1,0,"H"
6-10-20,"Getafe","Levante",0,1,"A"
6-10-20,"Girona","Eibar",2,3,"A"
6-10-20,"Leganes","Vallecano",1,0,"H"
7-10-20,"Ath Madrid","Betis",1,0,"H"
7-10-20,"Espanol","Villarreal",3,1,"H"
7-10-20,"Sevilla","Celta",2,1,"H"
7-10-20,"Valencia","Barcelona",1,1,"D"
7-10-20,"Valladolid","Huesca",1,0,"H"
19-10-20,"Celta","Alaves",0,1,"A"
20-10-20,"Barcelona","Sevilla",4,2,"H"
20-10-20,"Real Madrid","Levante",1,2,"A"
20-10-20,"Valencia","Leganes",1,1,"D"
20-10-20,"Villarreal","Ath Madrid",1,1,"D"
21-10-20,"Betis","Valladolid",0,1,"A"
21-10-20,"Eibar","Ath Bilbao",1,1,"D"
21-10-20,"Huesca","Espanol",0,2,"A"
21-10-20,"Vallecano","Getafe",1,2,"A"
22-10-20,"Sociedad","Girona",0,0,"D"
24-10-20,"Vallecano","Ath Bilbao",1,1,"D"
26-10-20,"Valladolid","Espanol",1,1,"D"
27-10-20,"Ath Bilbao","Valencia",0,0,"D"
27-10-20,"Ath Madrid","Sociedad",2,0,"H"
27-10-20,"Celta","Eibar",4,0,"H"
27-10-20,"Girona","Vallecano",2,1,"H"
27-10-20,"Levante","Leganes",2,0,"H"
28-10-20,"Alaves","Villarreal",2,1,"H"
28-10-20,"Barcelona","Real Madrid",5,1,"H"
28-10-20,"Getafe","Betis",2,0,"H"
28-10-20,"Sevilla","Huesca",2,1,"H"
3-11-20,"Leganes","Ath Madrid",1,1,"D"
3-11-20,"Real Madrid","Valladolid",2,0,"H"
3-11-20,"Valencia","Girona",0,1,"A"
3-11-20,"Vallecano","Barcelona",2,3,"A"
4-11-20,"Betis","Celta",3,3,"D"
4-11-20,"Eibar","Alaves",2,1,"H"
4-11-20,"Huesca","Getafe",1,1,"D"
4-11-20,"Sociedad","Sevilla",0,0,"D"
4-11-20,"Villarreal","Levante",1,1,"D"
5-11-20,"Espanol","Ath Bilbao",1,0,"H"
9-11-20,"Levante","Sociedad",1,3,"A"
10-11-20,"Ath Madrid","Ath Bilbao",3,2,"H"
10-11-20,"Getafe","Valencia",0,1,"A"
10-11-20,"Girona","Leganes",0,0,"D"
10-11-20,"Valladolid","Eibar",0,0,"D"
11-11-20,"Alaves","Huesca",2,1,"H"
11-11-20,"Barcelona","Betis",3,4,"A"
11-11-20,"Celta","Real Madrid",2,4,"A"
11-11-20,"Sevilla","Espanol",2,1,"H"
11-11-20,"Vallecano","Villarreal",2,2,"D"
23-11-20,"Leganes","Alaves",1,0,"H"
24-11-20,"Ath Madrid","Barcelona",1,1,"D"
24-11-20,"Eibar","Real Madrid",3,0,"H"
24-11-20,"Huesca","Levante",2,2,"D"
24-11-20,"Valencia","Vallecano",3,0,"H"
25-11-20,"Ath Bilbao","Getafe",1,1,"D"
25-11-20,"Espanol","Girona",1,3,"A"
25-11-20,"Sevilla","Valladolid",1,0,"H"
25-11-20,"Villarreal","Betis",2,1,"H"
26-11-20,"Sociedad","Celta",2,1,"H"
30-11-20,"Vallecano","Eibar",1,0,"H"
1-12-20,"Celta","Huesca",2,0,"H"
1-12-20,"Getafe","Espanol",3,0,"H"
1-12-20,"Real Madrid","Valencia",2,0,"H"
1-12-20,"Valladolid","Leganes",2,4,"A"
2-12-20,"Alaves","Sevilla",1,1,"D"
2-12-20,"Barcelona","Villarreal",2,0,"H"
2-12-20,"Betis","Sociedad",1,0,"H"
2-12-20,"Girona","Ath Madrid",1,1,"D"
3-12-20,"Levante","Ath Bilbao",3,0,"H"
7-12-20,"Leganes","Getafe",1,1,"D"
8-12-20,"Ath Madrid","Alaves",3,0,"H"
8-12-20,"Espanol","Barcelona",0,4,"A"
8-12-20,"Valencia","Sevilla",1,1,"D"
8-12-20,"Villarreal","Celta",2,3,"A"
9-12-20,"Betis","Vallecano",2,0,"H"
9-12-20,"Eibar","Levante",4,4,"D"
9-12-20,"Huesca","Real Madrid",0,1,"A"
9-12-20,"Sociedad","Valladolid",1,2,"A"
10-12-20,"Ath Bilbao","Girona",1,0,"H"
14-12-20,"Celta","Leganes",0,0,"D"
15-12-20,"Eibar","Valencia",1,1,"D"
15-12-20,"Getafe","Sociedad",1,0,"H"
15-12-20,"Real Madrid","Vallecano",1,0,"H"
15-12-20,"Valladolid","Ath Madrid",2,3,"A"
16-12-20,"Espanol","Betis",1,3,"A"
16-12-20,"Huesca","Villarreal",2,2,"D"
16-12-20,"Levante","Barcelona",0,5,"A"
16-12-20,"Sevilla","Girona",2,0,"H"
17-12-20,"Alaves","Ath Bilbao",0,0,"D"
21-12-20,"Girona","Getafe",1,1,"D"
21-12-20,"Sociedad","Alaves",0,1,"A"
22-12-20,"Ath Bilbao","Valladolid",1,1,"D"
22-12-20,"Ath Madrid","Espanol",1,0,"H"
22-12-20,"Barcelona","Celta",2,0,"H"
22-12-20,"Betis","Eibar",1,1,"D"
23-12-20,"Leganes","Sevilla",1,1,"D"
23-12-20,"Valencia","Huesca",2,1,"H"
23-12-20,"Vallecano","Levante",2,1,"H"
3-01-20,"Villarreal","Real Madrid",2,2,"D"
4-01-20,"Espanol","Leganes",1,0,"H"
4-01-20,"Levante","Girona",2,2,"D"
5-01-20,"Alaves","Valencia",2,1,"H"
5-01-20,"Huesca","Betis",2,1,"H"
5-01-20,"Valladolid","Vallecano",0,1,"A"
6-01-20,"Eibar","Villarreal",0,0,"D"
6-01-20,"Getafe","Barcelona",1,2,"A"
6-01-20,"Real Madrid","Sociedad",0,2,"A"
6-01-20,"Sevilla","Ath Madrid",1,1,"D"
7-01-20,"Celta","Ath Bilbao",1,2,"A"
11-01-20,"Vallecano","Celta",4,2,"H"
12-01-20,"Girona","Alaves",1,1,"D"
12-01-20,"Leganes","Huesca",1,0,"H"
12-01-20,"Valencia","Valladolid",1,1,"D"
12-01-20,"Villarreal","Getafe",1,2,"A"
13-01-20,"Ath Bilbao","Sevilla",2,0,"H"
13-01-20,"Ath Madrid","Levante",1,0,"H"
13-01-20,"Barcelona","Eibar",3,0,"H"
13-01-20,"Betis","Real Madrid",1,2,"A"
14-01-20,"Sociedad","Espanol",3,2,"H"
18-01-20,"Getafe","Alaves",4,0,"H"
19-01-20,"Celta","Valencia",1,2,"A"
19-01-20,"Huesca","Ath Madrid",0,3,"A"
19-01-20,"Real Madrid","Sevilla",2,0,"H"
20-01-20,"Barcelona","Leganes",3,1,"H"
20-01-20,"Betis","Girona",3,2,"H"
20-01-20,"Levante","Valladolid",2,0,"H"
20-01-20,"Vallecano","Sociedad",2,2,"D"
20-01-20,"Villarreal","Ath Bilbao",1,1,"D"
21-01-20,"Eibar","Espanol",3,0,"H"
26-01-20,"Ath Madrid","Getafe",2,0,"H"
26-01-20,"Leganes","Eibar",2,2,"D"
26-01-20,"Sevilla","Levante",5,0,"H"
26-01-20,"Valencia","Villarreal",3,0,"H"
27-01-20,"Ath Bilbao","Betis",1,0,"H"
27-01-20,"Espanol","Real Madrid",2,4,"A"
27-01-20,"Girona","Barcelona",0,2,"A"
27-01-20,"Sociedad","Huesca",0,0,"D"
27-01-20,"Valladolid","Celta",2,1,"H"
28-01-20,"Alaves","Vallecano",0,1,"A"
1-02-20,"Huesca","Valladolid",4,0,"H"
2-02-20,"Barcelona","Valencia",2,2,"D"
2-02-20,"Celta","Sevilla",1,0,"H"
2-02-20,"Levante","Getafe",0,0,"D"
2-02-20,"Sociedad","Ath Bilbao",2,1,"H"
3-02-20,"Betis","Ath Madrid",1,0,"H"
3-02-20,"Eibar","Girona",3,0,"H"
3-02-20,"Real Madrid","Alaves",3,0,"H"
3-02-20,"Villarreal","Espanol",2,2,"D"
4-02-20,"Vallecano","Leganes",1,2,"A"
8-02-20,"Valladolid","Villarreal",0,0,"D"
9-02-20,"Ath Madrid","Real Madrid",1,3,"A"
9-02-20,"Espanol","Vallecano",2,1,"H"
9-02-20,"Getafe","Celta",3,1,"H"
9-02-20,"Girona","Huesca",0,2,"A"
10-02-20,"Ath Bilbao","Barcelona",0,0,"D"
10-02-20,"Leganes","Betis",3,0,"H"
10-02-20,"Sevilla","Eibar",2,2,"D"
10-02-20,"Valencia","Sociedad",0,0,"D"
11-02-20,"Alaves","Levante",2,0,"H"
15-02-20,"Eibar","Getafe",2,2,"D"
16-02-20,"Barcelona","Valladolid",1,0,"H"
16-02-20,"Celta","Levante",1,4,"A"
16-02-20,"Sociedad","Leganes",3,0,"H"
16-02-20,"Vallecano","Ath Madrid",0,1,"A"
17-02-20,"Betis","Alaves",1,1,"D"
17-02-20,"Real Madrid","Girona",1,2,"A"
17-02-20,"Valencia","Espanol",0,0,"D"
17-02-20,"Villarreal","Sevilla",3,0,"H"
18-02-20,"Huesca","Ath Bilbao",0,1,"A"
22-02-20,"Espanol","Huesca",1,1,"D"
23-02-20,"Alaves","Celta",0,0,"D"
23-02-20,"Ath Bilbao","Eibar",1,0,"H"
23-02-20,"Getafe","Vallecano",2,1,"H"
23-02-20,"Sevilla","Barcelona",2,4,"A"
24-02-20,"Ath Madrid","Villarreal",2,0,"H"
24-02-20,"Leganes","Valencia",1,1,"D"
24-02-20,"Levante","Real Madrid",1,2,"A"
24-02-20,"Valladolid","Betis",0,2,"A"
25-02-20,"Girona","Sociedad",0,0,"D"
1-03-20,"Vallecano","Girona",0,2,"A"
2-03-20,"Espanol","Valladolid",3,1,"H"
2-03-20,"Huesca","Sevilla",2,1,"H"
2-03-20,"Real Madrid","Barcelona",0,1,"A"
2-03-20,"Villarreal","Alaves",1,2,"A"
3-03-20,"Betis","Getafe",1,2,"A"
3-03-20,"Eibar","Celta",1,0,"H"
3-03-20,"Sociedad","Ath Madrid",0,2,"A"
3-03-20,"Valencia","Ath Bilbao",2,0,"H"
4-03-20,"Leganes","Levante",1,0,"H"
8-03-20,"Ath Bilbao","Espanol",1,1,"D"
9-03-20,"Alaves","Eibar",1,1,"D"
9-03-20,"Ath Madrid","Leganes",1,0,"H"
9-03-20,"Barcelona","Vallecano",3,1,"H"
9-03-20,"Getafe","Huesca",2,1,"H"
10-03-20,"Celta","Betis",0,1,"A"
10-03-20,"Girona","Valencia",2,3,"A"
10-03-20,"Levante","Villarreal",0,2,"A"
10-03-20,"Sevilla","Sociedad",5,2,"H"
10-03-20,"Valladolid","Real Madrid",1,4,"A"
15-03-20,"Sociedad","Levante",1,1,"D"
16-03-20,"Ath Bilbao","Ath Madrid",2,0,"H"
16-03-20,"Huesca","Alaves",1,3,"A"
16-03-20,"Leganes","Girona",0,2,"A"
16-03-20,"Real Madrid","Celta",2,0,"H"
17-03-20,"Betis","Barcelona",1,4,"A"
17-03-20,"Eibar","Valladolid",1,2,"A"
17-03-20,"Espanol","Sevilla",0,1,"A"
17-03-20,"Valencia","Getafe",0,0,"D"
17-03-20,"Villarreal","Vallecano",3,1,"H"
29-03-20,"Girona","Ath Bilbao",1,2,"A"
30-03-20,"Alaves","Ath Madrid",0,4,"A"
30-03-20,"Barcelona","Espanol",2,0,"H"
30-03-20,"Celta","Villarreal",3,2,"H"
30-03-20,"Getafe","Leganes",0,2,"A"
31-03-20,"Levante","Eibar",2,2,"D"
31-03-20,"Real Madrid","Huesca",3,2,"H"
31-03-20,"Sevilla","Valencia",0,1,"A"
31-03-20,"Valladolid","Sociedad",1,1,"D"
31-03-20,"Vallecano","Betis",1,1,"D"
2-04-20,"Ath Madrid","Girona",2,0,"H"
2-04-20,"Espanol","Getafe",1,1,"D"
2-04-20,"Villarreal","Barcelona",4,4,"D"
3-04-20,"Ath Bilbao","Levante",3,2,"H"
3-04-20,"Eibar","Vallecano",2,1,"H"
3-04-20,"Huesca","Celta",3,3,"D"
3-04-20,"Valencia","Real Madrid",2,1,"H"
4-04-20,"Leganes","Valladolid",1,0,"H"
4-04-20,"Sevilla","Alaves",2,0,"H"
4-04-20,"Sociedad","Betis",2,1,"H"
6-04-20,"Barcelona","Ath Madrid",2,0,"H"
6-04-20,"Girona","Espanol",1,2,"A"
6-04-20,"Real Madrid","Eibar",2,1,"H"
6-04-20,"Vallecano","Valencia",2,0,"H"
7-04-20,"Alaves","Leganes",1,1,"D"
7-04-20,"Betis","Villarreal",2,1,"H"
7-04-20,"Celta","Sociedad",3,1,"H"
7-04-20,"Getafe","Ath Bilbao",1,0,"H"
7-04-20,"Levante","Huesca",2,2,"D"
7-04-20,"Valladolid","Sevilla",0,2,"A"
13-04-20,"Ath Madrid","Celta",2,0,"H"
13-04-20,"Espanol","Alaves",2,1,"H"
13-04-20,"Huesca","Barcelona",0,0,"D"
13-04-20,"Sevilla","Betis",3,2,"H"
14-04-20,"Ath Bilbao","Vallecano",3,2,"H"
14-04-20,"Girona","Villarreal",0,1,"A"
14-04-20,"Sociedad","Eibar",1,1,"D"
14-04-20,"Valencia","Levante",3,1,"H"
14-04-20,"Valladolid","Getafe",2,2,"D"
15-04-20,"Leganes","Real Madrid",1,1,"D"
19-04-20,"Alaves","Valladolid",2,2,"D"
20-04-20,"Barcelona","Sociedad",2,1,"H"
20-04-20,"Celta","Girona",2,1,"H"
20-04-20,"Eibar","Ath Madrid",0,1,"A"
20-04-20,"Vallecano","Huesca",0,0,"D"
21-04-20,"Betis","Valencia",1,2,"A"
21-04-20,"Getafe","Sevilla",3,0,"H"
21-04-20,"Levante","Espanol",2,2,"D"
21-04-20,"Real Madrid","Ath Bilbao",3,0,"H"
21-04-20,"Villarreal","Leganes",2,1,"H"
23-04-20,"Alaves","Barcelona",0,2,"A"
23-04-20,"Huesca","Eibar",2,0,"H"
23-04-20,"Valladolid","Girona",1,0,"H"
24-04-20,"Ath Madrid","Valencia",3,2,"H"
24-04-20,"Espanol","Celta",1,1,"D"
24-04-20,"Leganes","Ath Bilbao",0,1,"A"
24-04-20,"Levante","Betis",4,0,"H"
25-04-20,"Getafe","Real Madrid",0,0,"D"
25-04-20,"Sevilla","Vallecano",5,0,"H"
25-04-20,"Sociedad","Villarreal",0,1,"A"
27-04-20,"Ath Bilbao","Alaves",1,1,"D"
27-04-20,"Ath Madrid","Valladolid",1,0,"H"
27-04-20,"Barcelona","Levante",1,0,"H"
27-04-20,"Leganes","Celta",0,0,"D"
28-04-20,"Girona","Sevilla",1,0,"H"
28-04-20,"Sociedad","Getafe",2,1,"H"
28-04-20,"Valencia","Eibar",0,1,"A"
28-04-20,"Vallecano","Real Madrid",1,0,"H"
28-04-20,"Villarreal","Huesca",1,1,"D"
29-04-20,"Betis","Espanol",1,1,"D"
3-05-20,"Sevilla","Leganes",0,3,"A"
4-05-20,"Alaves","Sociedad",0,1,"A"
4-05-20,"Celta","Barcelona",2,0,"H"
4-05-20,"Espanol","Ath Madrid",3,0,"H"
4-05-20,"Levante","Vallecano",4,1,"H"
5-05-20,"Eibar","Betis",1,0,"H"
5-05-20,"Getafe","Girona",2,0,"H"
5-05-20,"Huesca","Valencia",2,6,"A"
5-05-20,"Real Madrid","Villarreal",3,2,"H"
5-05-20,"Valladolid","Ath Bilbao",1,0,"H"
12-05-20,"Ath Bilbao","Celta",3,1,"H"
12-05-20,"Ath Madrid","Sevilla",1,1,"D"
12-05-20,"Barcelona","Getafe",2,0,"H"
12-05-20,"Betis","Huesca",2,1,"H"
12-05-20,"Girona","Levante",1,2,"A"
12-05-20,"Leganes","Espanol",0,2,"A"
12-05-20,"Sociedad","Real Madrid",3,1,"H"
12-05-20,"Valencia","Alaves",3,1,"H"
12-05-20,"Vallecano","Valladolid",1,2,"A"
12-05-20,"Villarreal","Eibar",1,0,"H"
18-05-20,"Alaves","Girona",2,1,"H"
18-05-20,"Celta","Vallecano",2,2,"D"
18-05-20,"Espanol","Sociedad",2,0,"H"
18-05-20,"Getafe","Villarreal",2,2,"D"
18-05-20,"Huesca","Leganes",2,1,"H"
18-05-20,"Levante","Ath Madrid",2,2,"D"
18-05-20,"Sevilla","Ath Bilbao",2,0,"H"
18-05-20,"Valladolid","Valencia",0,2,"A"
19-05-20,"Eibar","Barcelona",2,2,"D"
19-05-20,"Real Madrid","Betis",0,2,"A"
16-08-20,"Ath Bilbao","Barcelona",1,0,"H"
17-08-20,"Celta","Real Madrid",1,3,"A"
17-08-20,"Valencia","Sociedad",1,1,"D"
17-08-20,"Mallorca","Eibar",2,1,"H"
17-08-20,"Leganes","Osasuna",0,1,"A"
17-08-20,"Villarreal","Granada",4,4,"D"
18-08-20,"Alaves","Levante",1,0,"H"
18-08-20,"Espanol","Sevilla",0,2,"A"
18-08-20,"Betis","Valladolid",1,2,"A"
18-08-20,"Ath Madrid","Getafe",1,0,"H"
23-08-20,"Granada","Sevilla",0,1,"A"
23-08-20,"Levante","Villarreal",2,1,"H"
24-08-20,"Osasuna","Eibar",0,0,"D"
24-08-20,"Real Madrid","Valladolid",1,1,"D"
24-08-20,"Celta","Valencia",1,0,"H"
24-08-20,"Getafe","Ath Bilbao",1,1,"D"
25-08-20,"Alaves","Espanol",0,0,"D"
25-08-20,"Mallorca","Sociedad",0,1,"A"
25-08-20,"Leganes","Ath Madrid",0,1,"A"
25-08-20,"Barcelona","Betis",5,2,"H"
30-08-20,"Sevilla","Celta",1,1,"D"
30-08-20,"Ath Bilbao","Sociedad",2,0,"H"
31-08-20,"Osasuna","Barcelona",2,2,"D"
31-08-20,"Getafe","Alaves",1,1,"D"
31-08-20,"Levante","Valladolid",2,0,"H"
31-08-20,"Betis","Leganes",2,1,"H"
1-09-20,"Valencia","Mallorca",2,0,"H"
1-09-20,"Ath Madrid","Eibar",3,2,"H"
1-09-20,"Espanol","Granada",0,3,"A"
1-09-20,"Villarreal","Real Madrid",2,2,"D"
13-09-20,"Mallorca","Ath Bilbao",0,0,"D"
14-09-20,"Real Madrid","Levante",3,2,"H"
14-09-20,"Leganes","Villarreal",0,3,"A"
14-09-20,"Sociedad","Ath Madrid",2,0,"H"
14-09-20,"Barcelona","Valencia",5,2,"H"
15-09-20,"Eibar","Espanol",1,2,"A"
15-09-20,"Alaves","Sevilla",0,1,"A"
15-09-20,"Celta","Granada",0,2,"A"
15-09-20,"Valladolid","Osasuna",1,1,"D"
15-09-20,"Betis","Getafe",1,1,"D"
20-09-20,"Osasuna","Betis",0,0,"D"
21-09-20,"Villarreal","Valladolid",2,0,"H"
21-09-20,"Levante","Eibar",0,0,"D"
21-09-20,"Ath Madrid","Celta",0,0,"D"
21-09-20,"Granada","Barcelona",2,0,"H"
22-09-20,"Getafe","Mallorca",4,2,"H"
22-09-20,"Espanol","Sociedad",1,3,"A"
22-09-20,"Valencia","Leganes",1,1,"D"
22-09-20,"Ath Bilbao","Alaves",2,0,"H"
22-09-20,"Sevilla","Real Madrid",0,1,"A"
24-09-20,"Valladolid","Granada",1,1,"D"
24-09-20,"Betis","Levante",3,1,"H"
24-09-20,"Barcelona","Villarreal",2,1,"H"
25-09-20,"Leganes","Ath Bilbao",1,1,"D"
25-09-20,"Mallorca","Ath Madrid",0,2,"A"
25-09-20,"Valencia","Getafe",3,3,"D"
25-09-20,"Real Madrid","Osasuna",2,0,"H"
26-09-20,"Eibar","Sevilla",3,2,"H"
26-09-20,"Celta","Espanol",1,1,"D"
26-09-20,"Sociedad","Alaves",3,0,"H"
27-09-20,"Villarreal","Betis",5,1,"H"
28-09-20,"Ath Bilbao","Valencia",0,1,"A"
28-09-20,"Getafe","Barcelona",0,2,"A"
28-09-20,"Granada","Leganes",1,0,"H"
28-09-20,"Ath Madrid","Real Madrid",0,0,"D"
29-09-20,"Espanol","Valladolid",0,2,"A"
29-09-20,"Eibar","Celta",2,0,"H"
29-09-20,"Alaves","Mallorca",2,0,"H"
29-09-20,"Levante","Osasuna",1,1,"D"
29-09-20,"Sevilla","Sociedad",3,2,"H"
4-10-20,"Betis","Eibar",1,1,"D"
5-10-20,"Leganes","Levante",1,2,"A"
5-10-20,"Real Madrid","Granada",4,2,"H"
5-10-20,"Valencia","Alaves",2,1,"H"
5-10-20,"Osasuna","Villarreal",2,1,"H"
6-10-20,"Mallorca","Espanol",2,0,"H"
6-10-20,"Celta","Ath Bilbao",1,0,"H"
6-10-20,"Valladolid","Ath Madrid",0,0,"D"
6-10-20,"Sociedad","Getafe",1,2,"A"
6-10-20,"Barcelona","Sevilla",4,0,"H"
18-10-20,"Granada","Osasuna",1,0,"H"
19-10-20,"Eibar","Barcelona",0,3,"A"
19-10-20,"Ath Madrid","Valencia",1,1,"D"
19-10-20,"Getafe","Leganes",2,0,"H"
19-10-20,"Mallorca","Real Madrid",1,0,"H"
20-10-20,"Alaves","Celta",2,0,"H"
20-10-20,"Sociedad","Betis",3,1,"H"
20-10-20,"Espanol","Villarreal",0,1,"A"
20-10-20,"Ath Bilbao","Valladolid",1,1,"D"
20-10-20,"Sevilla","Levante",1,0,"H"
25-10-20,"Villarreal","Alaves",4,1,"H"
26-10-20,"Leganes","Mallorca",1,0,"H"
26-10-20,"Valladolid","Eibar",2,0,"H"
26-10-20,"Ath Madrid","Ath Bilbao",2,0,"H"
27-10-20,"Celta","Sociedad",0,1,"A"
27-10-20,"Granada","Betis",1,0,"H"
27-10-20,"Levante","Espanol",0,1,"A"
27-10-20,"Sevilla","Getafe",2,0,"H"
27-10-20,"Osasuna","Valencia",3,1,"H"
29-10-20,"Alaves","Ath Madrid",1,1,"D"
29-10-20,"Barcelona","Valladolid",5,1,"H"
30-10-20,"Sociedad","Levante",1,2,"A"
30-10-20,"Valencia","Sevilla",1,1,"D"
30-10-20,"Ath Bilbao","Espanol",3,0,"H"
30-10-20,"Betis","Celta",2,1,"H"
30-10-20,"Real Madrid","Leganes",5,0,"H"
31-10-20,"Eibar","Villarreal",2,1,"H"
31-10-20,"Mallorca","Osasuna",2,2,"D"
31-10-20,"Getafe","Granada",3,1,"H"
2-11-20,"Espanol","Valencia",1,2,"A"
2-11-20,"Levante","Barcelona",3,1,"H"
2-11-20,"Sevilla","Ath Madrid",1,1,"D"
2-11-20,"Real Madrid","Betis",0,0,"D"
3-11-20,"Valladolid","Mallorca",3,0,"H"
3-11-20,"Villarreal","Ath Bilbao",0,0,"D"
3-11-20,"Osasuna","Alaves",4,2,"H"
3-11-20,"Celta","Getafe",0,1,"A"
3-11-20,"Leganes","Eibar",1,2,"A"
3-11-20,"Granada","Sociedad",1,2,"A"
8-11-20,"Sociedad","Leganes",1,1,"D"
9-11-20,"Alaves","Valladolid",3,0,"H"
9-11-20,"Valencia","Granada",2,0,"H"
9-11-20,"Eibar","Real Madrid",0,4,"A"
9-11-20,"Barcelona","Celta",4,1,"H"
10-11-20,"Mallorca","Villarreal",3,1,"H"
10-11-20,"Ath Bilbao","Levante",2,1,"H"
10-11-20,"Ath Madrid","Espanol",3,1,"H"
10-11-20,"Getafe","Osasuna",0,0,"D"
10-11-20,"Betis","Sevilla",1,2,"A"
22-11-20,"Levante","Mallorca",2,1,"H"
23-11-20,"Leganes","Barcelona",1,2,"A"
23-11-20,"Betis","Valencia",2,1,"H"
23-11-20,"Granada","Ath Madrid",1,1,"D"
23-11-20,"Real Madrid","Sociedad",3,1,"H"
24-11-20,"Espanol","Getafe",1,1,"D"
24-11-20,"Osasuna","Ath Bilbao",1,2,"A"
24-11-20,"Eibar","Alaves",0,2,"A"
24-11-20,"Villarreal","Celta",1,3,"A"
24-11-20,"Valladolid","Sevilla",0,1,"A"
29-11-20,"Celta","Valladolid",0,0,"D"
30-11-20,"Alaves","Real Madrid",1,2,"A"
30-11-20,"Sociedad","Eibar",4,1,"H"
30-11-20,"Mallorca","Betis",1,2,"A"
30-11-20,"Valencia","Villarreal",2,1,"H"
1-12-20,"Sevilla","Leganes",1,0,"H"
1-12-20,"Ath Bilbao","Granada",2,0,"H"
1-12-20,"Espanol","Osasuna",2,4,"A"
1-12-20,"Getafe","Levante",4,0,"H"
1-12-20,"Ath Madrid","Barcelona",0,1,"A"
6-12-20,"Villarreal","Ath Madrid",0,0,"D"
7-12-20,"Real Madrid","Espanol",2,0,"H"
7-12-20,"Granada","Alaves",3,0,"H"
7-12-20,"Levante","Valencia",2,4,"A"
7-12-20,"Barcelona","Mallorca",5,2,"H"
8-12-20,"Eibar","Getafe",0,1,"A"
8-12-20,"Betis","Ath Bilbao",3,2,"H"
8-12-20,"Valladolid","Sociedad",0,0,"D"
8-12-20,"Leganes","Celta",3,2,"H"
8-12-20,"Osasuna","Sevilla",1,1,"D"
13-12-20,"Alaves","Leganes",1,1,"D"
14-12-20,"Granada","Levante",1,2,"A"
14-12-20,"Sociedad","Barcelona",2,2,"D"
14-12-20,"Ath Bilbao","Eibar",0,0,"D"
14-12-20,"Ath Madrid","Osasuna",2,0,"H"
15-12-20,"Getafe","Valladolid",2,0,"H"
15-12-20,"Celta","Mallorca",2,2,"D"
15-12-20,"Espanol","Betis",2,2,"D"
15-12-20,"Sevilla","Villarreal",1,2,"A"
15-12-20,"Valencia","Real Madrid",1,1,"D"
18-12-20,"Barcelona","Real Madrid",0,0,"D"
20-12-20,"Eibar","Granada",3,0,"H"
21-12-20,"Mallorca","Sevilla",0,2,"A"
21-12-20,"Barcelona","Alaves",4,1,"H"
21-12-20,"Villarreal","Getafe",1,0,"H"
21-12-20,"Valladolid","Valencia",1,1,"D"
22-12-20,"Leganes","Espanol",2,0,"H"
22-12-20,"Osasuna","Sociedad",3,4,"A"
22-12-20,"Betis","Ath Madrid",1,2,"A"
22-12-20,"Levante","Celta",3,1,"H"
22-12-20,"Real Madrid","Ath Bilbao",0,0,"D"
3-01-20,"Valladolid","Leganes",2,2,"D"
3-01-20,"Sevilla","Ath Bilbao",1,1,"D"
4-01-20,"Valencia","Eibar",1,0,"H"
4-01-20,"Getafe","Real Madrid",0,3,"A"
4-01-20,"Ath Madrid","Levante",2,1,"H"
4-01-20,"Espanol","Barcelona",2,2,"D"
5-01-20,"Granada","Mallorca",1,0,"H"
5-01-20,"Sociedad","Villarreal",1,2,"A"
5-01-20,"Alaves","Betis",1,1,"D"
5-01-20,"Celta","Osasuna",1,1,"D"
17-01-20,"Leganes","Getafe",0,3,"A"
18-01-20,"Levante","Alaves",0,1,"A"
18-01-20,"Real Madrid","Sevilla",2,1,"H"
18-01-20,"Osasuna","Valladolid",0,0,"D"
18-01-20,"Eibar","Ath Madrid",2,0,"H"
19-01-20,"Mallorca","Valencia",4,1,"H"
19-01-20,"Betis","Sociedad",3,0,"H"
19-01-20,"Villarreal","Espanol",1,2,"A"
19-01-20,"Ath Bilbao","Celta",1,1,"D"
19-01-20,"Barcelona","Granada",1,0,"H"
24-01-20,"Osasuna","Levante",2,0,"H"
25-01-20,"Espanol","Ath Bilbao",1,1,"D"
25-01-20,"Valencia","Barcelona",2,0,"H"
25-01-20,"Alaves","Villarreal",1,2,"A"
25-01-20,"Sevilla","Granada",2,0,"H"
26-01-20,"Ath Madrid","Leganes",0,0,"D"
26-01-20,"Celta","Eibar",0,0,"D"
26-01-20,"Getafe","Betis",1,0,"H"
26-01-20,"Sociedad","Mallorca",3,0,"H"
26-01-20,"Valladolid","Real Madrid",0,1,"A"
1-02-20,"Granada","Espanol",2,1,"H"
1-02-20,"Real Madrid","Ath Madrid",1,0,"H"
1-02-20,"Mallorca","Valladolid",0,1,"A"
1-02-20,"Valencia","Celta",1,0,"H"
2-02-20,"Leganes","Sociedad",2,1,"H"
2-02-20,"Eibar","Betis",1,1,"D"
2-02-20,"Ath Bilbao","Getafe",0,2,"A"
2-02-20,"Sevilla","Alaves",1,1,"D"
2-02-20,"Villarreal","Osasuna",3,1,"H"
2-02-20,"Barcelona","Levante",2,1,"H"
7-02-20,"Alaves","Eibar",2,1,"H"
8-02-20,"Levante","Leganes",2,0,"H"
8-02-20,"Getafe","Valencia",3,0,"H"
8-02-20,"Valladolid","Villarreal",1,1,"D"
8-02-20,"Ath Madrid","Granada",1,0,"H"
9-02-20,"Espanol","Mallorca",1,0,"H"
9-02-20,"Sociedad","Ath Bilbao",2,1,"H"
9-02-20,"Osasuna","Real Madrid",1,4,"A"
9-02-20,"Celta","Sevilla",2,1,"H"
9-02-20,"Betis","Barcelona",2,3,"A"
14-02-20,"Valencia","Ath Madrid",2,2,"D"
15-02-20,"Mallorca","Alaves",1,0,"H"
15-02-20,"Barcelona","Getafe",2,1,"H"
15-02-20,"Villarreal","Levante",2,1,"H"
15-02-20,"Granada","Valladolid",2,1,"H"
16-02-20,"Sevilla","Espanol",2,2,"D"
16-02-20,"Leganes","Betis",0,0,"D"
16-02-20,"Ath Bilbao","Osasuna",0,1,"A"
16-02-20,"Real Madrid","Celta",2,2,"D"
21-02-20,"Betis","Mallorca",3,3,"D"
22-02-20,"Celta","Leganes",1,0,"H"
22-02-20,"Barcelona","Eibar",5,0,"H"
22-02-20,"Sociedad","Valencia",3,0,"H"
22-02-20,"Levante","Real Madrid",1,0,"H"
23-02-20,"Osasuna","Granada",0,3,"A"
23-02-20,"Alaves","Ath Bilbao",2,1,"H"
23-02-20,"Valladolid","Espanol",2,1,"H"
23-02-20,"Getafe","Sevilla",0,3,"A"
23-02-20,"Ath Madrid","Villarreal",3,1,"H"
28-02-20,"Sociedad","Valladolid",1,0,"H"
29-02-20,"Eibar","Levante",3,0,"H"
29-02-20,"Valencia","Betis",2,1,"H"
29-02-20,"Leganes","Alaves",1,1,"D"
29-02-20,"Granada","Celta",0,0,"D"
1-03-20,"Sevilla","Osasuna",3,2,"H"
1-03-20,"Ath Bilbao","Villarreal",1,0,"H"
1-03-20,"Espanol","Ath Madrid",1,1,"D"
1-03-20,"Mallorca","Getafe",0,1,"A"
1-03-20,"Real Madrid","Barcelona",2,0,"H"
6-03-20,"Alaves","Valencia",1,1,"D"
7-03-20,"Eibar","Mallorca",1,2,"A"
7-03-20,"Ath Madrid","Sevilla",2,2,"D"
7-03-20,"Barcelona","Sociedad",1,0,"H"
7-03-20,"Getafe","Celta",0,0,"D"
8-03-20,"Osasuna","Espanol",1,0,"H"
8-03-20,"Valladolid","Ath Bilbao",1,4,"A"
8-03-20,"Levante","Granada",1,1,"D"
8-03-20,"Villarreal","Leganes",1,2,"A"
8-03-20,"Betis","Real Madrid",2,1,"H"
10-03-20,"Eibar","Sociedad",1,2,"A"
11-06-20,"Sevilla","Betis",2,0,"H"
12-06-20,"Granada","Getafe",2,1,"H"
12-06-20,"Valencia","Levante",1,1,"D"
13-06-20,"Espanol","Alaves",2,0,"H"
13-06-20,"Celta","Villarreal",0,1,"A"
13-06-20,"Leganes","Valladolid",1,2,"A"
13-06-20,"Mallorca","Barcelona",0,4,"A"
14-06-20,"Ath Bilbao","Ath Madrid",1,1,"D"
14-06-20,"Real Madrid","Eibar",3,1,"H"
14-06-20,"Sociedad","Osasuna",1,1,"D"
15-06-20,"Levante","Sevilla",1,1,"D"
15-06-20,"Betis","Granada",2,2,"D"
16-06-20,"Getafe","Espanol",0,0,"D"
16-06-20,"Villarreal","Mallorca",1,0,"H"
16-06-20,"Barcelona","Leganes",2,0,"H"
17-06-20,"Eibar","Ath Bilbao",2,2,"D"
17-06-20,"Valladolid","Celta",0,0,"D"
17-06-20,"Osasuna","Ath Madrid",0,5,"A"
18-06-20,"Alaves","Sociedad",2,0,"H"
18-06-20,"Real Madrid","Valencia",3,0,"H"
19-06-20,"Granada","Villarreal",0,1,"A"
19-06-20,"Mallorca","Leganes",1,1,"D"
19-06-20,"Sevilla","Barcelona",0,0,"D"
20-06-20,"Espanol","Levante",1,3,"A"
20-06-20,"Ath Bilbao","Betis",1,0,"H"
20-06-20,"Getafe","Eibar",1,1,"D"
20-06-20,"Ath Madrid","Valladolid",1,0,"H"
21-06-20,"Celta","Alaves",6,0,"H"
21-06-20,"Valencia","Osasuna",2,0,"H"
21-06-20,"Sociedad","Real Madrid",1,2,"A"
22-06-20,"Villarreal","Sevilla",2,2,"D"
22-06-20,"Leganes","Granada",0,0,"D"
23-06-20,"Levante","Ath Madrid",0,1,"A"
23-06-20,"Valladolid","Getafe",1,1,"D"
23-06-20,"Barcelona","Ath Bilbao",1,0,"H"
24-06-20,"Alaves","Osasuna",0,1,"A"
24-06-20,"Sociedad","Celta",0,1,"A"
24-06-20,"Real Madrid","Mallorca",2,0,"H"
25-06-20,"Eibar","Valencia",1,0,"H"
25-06-20,"Betis","Espanol",1,0,"H"
26-06-20,"Sevilla","Valladolid",1,1,"D"
27-06-20,"Ath Bilbao","Mallorca",3,1,"H"
27-06-20,"Celta","Barcelona",2,2,"D"
27-06-20,"Osasuna","Leganes",2,1,"H"
27-06-20,"Ath Madrid","Alaves",2,1,"H"
28-06-20,"Levante","Betis",4,2,"H"
28-06-20,"Villarreal","Valencia",2,0,"H"
28-06-20,"Granada","Eibar",1,2,"A"
28-06-20,"Espanol","Real Madrid",0,1,"A"
29-06-20,"Getafe","Sociedad",2,1,"H"
30-06-20,"Mallorca","Celta",5,1,"H"
30-06-20,"Leganes","Sevilla",0,3,"A"
30-06-20,"Barcelona","Ath Madrid",2,2,"D"
1-07-20,"Alaves","Granada",0,2,"A"
1-07-20,"Valencia","Ath Bilbao",0,2,"A"
1-07-20,"Betis","Villarreal",0,2,"A"
1-07-20,"Valladolid","Levante",0,0,"D"
2-07-20,"Eibar","Osasuna",0,2,"A"
2-07-20,"Sociedad","Espanol",2,1,"H"
2-07-20,"Real Madrid","Getafe",1,0,"H"
3-07-20,"Ath Madrid","Mallorca",3,0,"H"
4-07-20,"Celta","Betis",1,1,"D"
4-07-20,"Valladolid","Alaves",1,0,"H"
4-07-20,"Granada","Valencia",2,2,"D"
5-07-20,"Ath Bilbao","Real Madrid",0,1,"A"
5-07-20,"Espanol","Leganes",0,1,"A"
5-07-20,"Osasuna","Getafe",0,0,"D"
5-07-20,"Villarreal","Barcelona",1,4,"A"
6-07-20,"Levante","Sociedad",1,1,"D"
6-07-20,"Sevilla","Eibar",1,0,"H"
7-07-20,"Valencia","Valladolid",2,1,"H"
7-07-20,"Celta","Ath Madrid",1,1,"D"
8-07-20,"Betis","Osasuna",3,0,"H"
8-07-20,"Getafe","Villarreal",1,3,"A"
8-07-20,"Barcelona","Espanol",1,0,"H"
9-07-20,"Eibar","Leganes",0,0,"D"
9-07-20,"Mallorca","Levante",2,0,"H"
9-07-20,"Ath Bilbao","Sevilla",1,2,"A"
10-07-20,"Sociedad","Granada",2,3,"A"
10-07-20,"Real Madrid","Alaves",2,0,"H"
11-07-20,"Osasuna","Celta",2,1,"H"
11-07-20,"Valladolid","Barcelona",0,1,"A"
11-07-20,"Ath Madrid","Betis",1,0,"H"
12-07-20,"Espanol","Eibar",0,2,"A"
12-07-20,"Levante","Ath Bilbao",1,2,"A"
12-07-20,"Leganes","Valencia",1,0,"H"
12-07-20,"Sevilla","Mallorca",2,0,"H"
13-07-20,"Alaves","Getafe",0,0,"D"
13-07-20,"Villarreal","Sociedad",1,2,"A"
13-07-20,"Granada","Real Madrid",1,2,"A"
16-07-20,"Eibar","Valladolid",3,1,"H"
16-07-20,"Ath Bilbao","Leganes",0,2,"A"
16-07-20,"Barcelona","Osasuna",1,2,"A"
16-07-20,"Betis","Alaves",1,2,"A"
16-07-20,"Celta","Levante",2,3,"A"
16-07-20,"Getafe","Ath Madrid",0,2,"A"
16-07-20,"Mallorca","Granada",1,2,"A"
16-07-20,"Real Madrid","Villarreal",2,1,"H"
16-07-20,"Sociedad","Sevilla",0,0,"D"
16-07-20,"Valencia","Espanol",1,0,"H"
19-07-20,"Alaves","Barcelona",0,5,"A"
19-07-20,"Valladolid","Betis",2,0,"H"
19-07-20,"Villarreal","Eibar",4,0,"H"
19-07-20,"Ath Madrid","Sociedad",1,1,"D"
19-07-20,"Espanol","Celta",0,0,"D"
19-07-20,"Granada","Ath Bilbao",4,0,"H"
19-07-20,"Leganes","Real Madrid",2,2,"D"
19-07-20,"Levante","Getafe",1,0,"H"
19-07-20,"Osasuna","Mallorca",2,2,"D"
19-07-20,"Sevilla","Valencia",1,0,"H"
